<!--?xml version="1.0" encoding="UTF-8" ?--> 
<DESSIN>
<NOEUD><epaisseur>7</epaisseur><couleur>-65281</couleur><rectangle>{X=164,Y=112,Width=10,Height=10}</rectangle></NOEUD>
<NOEUD><epaisseur>1</epaisseur><couleur>-16777216</couleur><rectangle>{X=282,Y=68,Width=10,Height=10}</rectangle></NOEUD>
<NOEUD><epaisseur>5</epaisseur><couleur>-32640</couleur><rectangle>{X=59,Y=86,Width=10,Height=10}</rectangle></NOEUD>
<NOEUD><epaisseur>1</epaisseur><couleur>-16777216</couleur><rectangle>{X=158,Y=316,Width=10,Height=10}</rectangle></NOEUD>
<NOEUD><epaisseur>10</epaisseur><couleur>-16777216</couleur><rectangle>{X=458,Y=180,Width=10,Height=10}</rectangle></NOEUD>
<NOEUD><epaisseur>1</epaisseur><couleur>-16777216</couleur><rectangle>{X=90,Y=268,Width=10,Height=10}</rectangle></NOEUD>
<NOEUD><epaisseur>1</epaisseur><couleur>-16777216</couleur><rectangle>{X=207,Y=267,Width=10,Height=10}</rectangle></NOEUD>
<NOEUD><epaisseur>6</epaisseur><couleur>-8388480</couleur><rectangle>{X=255,Y=226,Width=10,Height=10}</rectangle></NOEUD>
<NOEUD><epaisseur>6</epaisseur><couleur>-8388480</couleur><rectangle>{X=366,Y=96,Width=10,Height=10}</rectangle></NOEUD>
<TRAIT><epaisseur>1</epaisseur><couleur>-65536</couleur><source><NOEUD><epaisseur>1</epaisseur><couleur>-16777216</couleur><rectangle>{X=282,Y=68,Width=10,Height=10}</rectangle></NOEUD></source><destination><NOEUD><epaisseur>7</epaisseur><couleur>-65281</couleur><rectangle>{X=164,Y=112,Width=10,Height=10}</rectangle></NOEUD></destination></TRAIT>
<TRAIT><epaisseur>1</epaisseur><couleur>-65536</couleur><source><NOEUD><epaisseur>5</epaisseur><couleur>-32640</couleur><rectangle>{X=59,Y=86,Width=10,Height=10}</rectangle></NOEUD></source><destination><NOEUD><epaisseur>1</epaisseur><couleur>-16777216</couleur><rectangle>{X=158,Y=316,Width=10,Height=10}</rectangle></NOEUD></destination></TRAIT>
<TRAIT><epaisseur>1</epaisseur><couleur>-65536</couleur><source><NOEUD><epaisseur>1</epaisseur><couleur>-16777216</couleur><rectangle>{X=158,Y=316,Width=10,Height=10}</rectangle></NOEUD></source><destination><NOEUD><epaisseur>10</epaisseur><couleur>-16777216</couleur><rectangle>{X=458,Y=180,Width=10,Height=10}</rectangle></NOEUD></destination></TRAIT>
<TRAIT><epaisseur>1</epaisseur><couleur>-65536</couleur><source><NOEUD><epaisseur>7</epaisseur><couleur>-65281</couleur><rectangle>{X=164,Y=112,Width=10,Height=10}</rectangle></NOEUD></source><destination><NOEUD><epaisseur>1</epaisseur><couleur>-16777216</couleur><rectangle>{X=90,Y=268,Width=10,Height=10}</rectangle></NOEUD></destination></TRAIT>
<TRAIT><epaisseur>1</epaisseur><couleur>-65536</couleur><source><NOEUD><epaisseur>1</epaisseur><couleur>-16777216</couleur><rectangle>{X=90,Y=268,Width=10,Height=10}</rectangle></NOEUD></source><destination><NOEUD><epaisseur>1</epaisseur><couleur>-16777216</couleur><rectangle>{X=207,Y=267,Width=10,Height=10}</rectangle></NOEUD></destination></TRAIT>
<TRAIT><epaisseur>1</epaisseur><couleur>-65536</couleur><source><NOEUD><epaisseur>1</epaisseur><couleur>-16777216</couleur><rectangle>{X=207,Y=267,Width=10,Height=10}</rectangle></NOEUD></source><destination><NOEUD><epaisseur>6</epaisseur><couleur>-8388480</couleur><rectangle>{X=255,Y=226,Width=10,Height=10}</rectangle></NOEUD></destination></TRAIT>
<TRAIT><epaisseur>1</epaisseur><couleur>-65536</couleur><source><NOEUD><epaisseur>6</epaisseur><couleur>-8388480</couleur><rectangle>{X=255,Y=226,Width=10,Height=10}</rectangle></NOEUD></source><destination><NOEUD><epaisseur>6</epaisseur><couleur>-8388480</couleur><rectangle>{X=366,Y=96,Width=10,Height=10}</rectangle></NOEUD></destination></TRAIT>
</DESSIN>
