<!--?xml version="1.0" encoding="UTF-8" ?--> 
<DESSIN>
<NOEUD><epaisseur>1</epaisseur><couleur>-12582784</couleur><rectangle>{X=92,Y=243,Width=10,Height=10}</rectangle></NOEUD>
<NOEUD><epaisseur>10</epaisseur><couleur>-16744448</couleur><rectangle>{X=244,Y=263,Width=10,Height=10}</rectangle></NOEUD>
<NOEUD><epaisseur>7</epaisseur><couleur>-65281</couleur><rectangle>{X=368,Y=163,Width=10,Height=10}</rectangle></NOEUD>
<NOEUD><epaisseur>1</epaisseur><couleur>-16777216</couleur><rectangle>{X=162,Y=86,Width=10,Height=10}</rectangle></NOEUD>
<NOEUD><epaisseur>4</epaisseur><couleur>-65536</couleur><rectangle>{X=243,Y=110,Width=10,Height=10}</rectangle></NOEUD>
<TRAIT><epaisseur>1</epaisseur><couleur>-65536</couleur><source><NOEUD><epaisseur>7</epaisseur><couleur>-65281</couleur><rectangle>{X=368,Y=163,Width=10,Height=10}</rectangle></NOEUD></source><destination><NOEUD><epaisseur>1</epaisseur><couleur>-12582784</couleur><rectangle>{X=92,Y=243,Width=10,Height=10}</rectangle></NOEUD></destination></TRAIT>
<TRAIT><epaisseur>1</epaisseur><couleur>-65536</couleur><source><NOEUD><epaisseur>1</epaisseur><couleur>-12582784</couleur><rectangle>{X=92,Y=243,Width=10,Height=10}</rectangle></NOEUD></source><destination><NOEUD><epaisseur>10</epaisseur><couleur>-16744448</couleur><rectangle>{X=244,Y=263,Width=10,Height=10}</rectangle></NOEUD></destination></TRAIT>
<TRAIT><epaisseur>1</epaisseur><couleur>-65536</couleur><source><NOEUD><epaisseur>10</epaisseur><couleur>-16744448</couleur><rectangle>{X=244,Y=263,Width=10,Height=10}</rectangle></NOEUD></source><destination><NOEUD><epaisseur>7</epaisseur><couleur>-65281</couleur><rectangle>{X=368,Y=163,Width=10,Height=10}</rectangle></NOEUD></destination></TRAIT>
<TRAIT><epaisseur>1</epaisseur><couleur>-65536</couleur><source><NOEUD><epaisseur>4</epaisseur><couleur>-65536</couleur><rectangle>{X=243,Y=110,Width=10,Height=10}</rectangle></NOEUD></source><destination><NOEUD><epaisseur>1</epaisseur><couleur>-12582784</couleur><rectangle>{X=92,Y=243,Width=10,Height=10}</rectangle></NOEUD></destination></TRAIT>
<TRAIT><epaisseur>1</epaisseur><couleur>-65536</couleur><source><NOEUD><epaisseur>1</epaisseur><couleur>-16777216</couleur><rectangle>{X=162,Y=86,Width=10,Height=10}</rectangle></NOEUD></source><destination><NOEUD><epaisseur>4</epaisseur><couleur>-65536</couleur><rectangle>{X=243,Y=110,Width=10,Height=10}</rectangle></NOEUD></destination></TRAIT>
</DESSIN>
