<?xml version="1.0" encoding="UTF-8"?>
<!DOCTYPE properties SYSTEM "http://java.sun.com/dtd/properties.dtd">
<properties>

  <entry key="dbms">derby</entry>
  <entry key="jar_file">F:\INFORMATIQUE\Programmation_backup\AP3.0\Java\JDBCTutorial</entry>
  <entry key="driver">org.apache.derby.jdbc.EmbeddedDriver</entry>
  <entry key="database_name">testdb</entry>
  <entry key="user_name"></entry>
  <entry key="password"></entry>
  <entry key="server_name">localhost</entry>
  <entry key="port_number">3306</entry>

</properties>
